Driver,DriverNumber,Team,LapNumber,Stint,Compound,TyreLife,FreshTyre,Position,TrackStatus,IsAccurate,FastF1Generated,Deleted,TimeSeconds,LapTimeSeconds,LapStartTimeSeconds,PitInTimeSeconds,PitOutTimeSeconds,Sector1TimeSeconds,Sector2TimeSeconds,Sector3TimeSeconds,IsPitInLap,IsPitOutLap,IsFirstLap,IsGreenOnly,HasVSC,HasSafetyCar,HasYellow,EligibleForPace,PaceExclusionReasons,GapToEarliestLapCompletionSeconds
ANT,12,Mercedes,1.000000,1.000000,MEDIUM,1.000000,True,4.000000,1,False,False,False,3504.877000,76.931000,3427.653000,,,,33.513000,22.318000,False,False,True,True,False,False,False,False,first_lap|fastf1_accuracy_flag,1.929000
ANT,12,Mercedes,24.000000,1.000000,MEDIUM,24.000000,True,1.000000,12,False,False,False,5184.885000,78.234000,5106.651000,5181.234000,,17.581000,33.054000,27.599000,True,False,False,False,False,False,True,False,pit_in|track_status_not_green_only|fastf1_accuracy_flag,0.000000
ANT,12,Mercedes,25.000000,2.000000,HARD,1.000000,True,5.000000,26,False,False,False,5298.266000,113.381000,5184.885000,,5202.417000,40.351000,41.693000,31.337000,False,True,False,False,True,False,True,False,pit_out|track_status_not_green_only|fastf1_accuracy_flag,14.466000
ANT,12,Mercedes,26.000000,2.000000,HARD,2.000000,True,4.000000,671,False,False,False,5388.347000,90.081000,5298.266000,,,22.550000,43.266000,24.265000,False,False,False,False,True,False,False,False,track_status_not_green_only|fastf1_accuracy_flag,13.281000
ANT,12,Mercedes,51.000000,2.000000,HARD,27.000000,True,1.000000,1,False,False,False,7184.715000,76.579000,7108.136000,7180.957000,,17.506000,32.489000,26.584000,True,False,False,True,False,False,False,False,pit_in|fastf1_accuracy_flag,0.000000
ANT,12,Mercedes,52.000000,3.000000,HARD,1.000000,True,3.000000,16,False,False,False,7280.822000,96.107000,7184.715000,,7202.506000,34.036000,32.141000,29.930000,False,True,False,False,True,False,False,False,pit_out|track_status_not_green_only|fastf1_accuracy_flag,18.329000
ANT,12,Mercedes,53.000000,3.000000,HARD,2.000000,True,3.000000,671,False,False,False,7356.499000,75.677000,7280.822000,,,22.254000,31.712000,21.711000,False,False,False,False,True,False,False,False,track_status_not_green_only|fastf1_accuracy_flag,13.975000
HAD,6,Red Bull Racing,1.000000,1.000000,MEDIUM,1.000000,True,9.000000,1,False,False,False,3507.494000,79.548000,3427.653000,,,,34.261000,23.335000,False,False,True,True,False,False,False,False,first_lap|fastf1_accuracy_flag,4.546000
HAD,6,Red Bull Racing,18.000000,1.000000,MEDIUM,18.000000,True,6.000000,1,False,False,False,4756.164000,76.939000,4679.225000,4752.237000,,17.728000,32.903000,26.308000,True,False,False,True,False,False,False,False,pit_in|fastf1_accuracy_flag,21.912000
HAD,6,Red Bull Racing,19.000000,2.000000,MEDIUM,1.000000,True,9.000000,1,False,False,False,4845.341000,89.177000,4756.164000,,4773.949000,34.672000,32.433000,22.072000,False,True,False,True,False,False,False,False,pit_out|fastf1_accuracy_flag,34.004000
HAD,6,Red Bull Racing,24.000000,2.000000,MEDIUM,6.000000,True,7.000000,126,False,False,False,5203.912000,72.139000,5131.773000,,,17.291000,32.253000,22.595000,False,False,False,False,True,False,True,False,track_status_not_green_only|fastf1_accuracy_flag,19.027000
HAD,6,Red Bull Racing,25.000000,2.000000,MEDIUM,7.000000,True,7.000000,6,False,False,False,5304.372000,100.460000,5203.912000,,,26.568000,42.410000,31.482000,False,False,False,False,True,False,False,False,track_status_not_green_only|fastf1_accuracy_flag,20.572000
HAD,6,Red Bull Racing,26.000000,2.000000,MEDIUM,8.000000,True,6.000000,671,False,False,False,5391.964000,87.592000,5304.372000,,,22.406000,42.014000,23.172000,False,False,False,False,True,False,False,False,track_status_not_green_only|fastf1_accuracy_flag,16.898000
HAD,6,Red Bull Racing,40.000000,2.000000,MEDIUM,22.000000,True,7.000000,1,False,False,False,6406.865000,75.797000,6331.068000,6403.054000,,17.490000,32.615000,25.692000,True,False,False,True,False,False,False,False,pit_in|fastf1_accuracy_flag,25.064000
HAD,6,Red Bull Racing,41.000000,3.000000,HARD,1.000000,True,8.000000,1,False,False,False,6494.623000,87.758000,6406.865000,,6424.352000,33.745000,32.205000,21.808000,False,True,False,True,False,False,False,False,pit_out|fastf1_accuracy_flag,40.887000
HAD,6,Red Bull Racing,52.000000,3.000000,HARD,12.000000,True,7.000000,167,False,False,False,7290.460000,81.799000,7208.661000,,,17.388000,35.104000,29.307000,False,False,False,False,True,False,False,False,track_status_not_green_only|fastf1_accuracy_flag,27.967000
HAD,6,Red Bull Racing,53.000000,3.000000,HARD,13.000000,True,7.000000,71,False,False,False,7363.481000,73.021000,7290.460000,,,18.701000,32.270000,22.050000,False,False,False,False,True,False,False,False,track_status_not_green_only|fastf1_accuracy_flag,20.957000
HAM,44,Ferrari,1.000000,1.000000,MEDIUM,1.000000,True,2.000000,1,False,False,False,3503.748000,75.802000,3427.653000,,,,32.733000,22.144000,False,False,True,True,False,False,False,False,first_lap|fastf1_accuracy_flag,0.800000
HAM,44,Ferrari,12.000000,1.000000,MEDIUM,12.000000,True,4.000000,1,False,False,False,4306.525000,77.539000,4228.986000,4302.509000,,17.755000,32.748000,27.036000,True,False,False,True,False,False,False,False,pit_in|fastf1_accuracy_flag,9.783000
HAM,44,Ferrari,13.000000,2.000000,HARD,1.000000,True,11.000000,1,False,False,False,4395.726000,89.201000,4306.525000,,4323.807000,34.428000,32.426000,22.347000,False,True,False,True,False,False,False,False,pit_out|fastf1_accuracy_flag,25.820000
HAM,44,Ferrari,25.000000,2.000000,HARD,13.000000,True,3.000000,26,False,False,False,5291.710000,98.849000,5192.861000,5287.856000,,26.120000,40.814000,31.915000,True,False,False,False,True,False,True,False,pit_in|track_status_not_green_only|fastf1_accuracy_flag,7.910000
HAM,44,Ferrari,26.000000,3.000000,SOFT,3.000000,False,7.000000,671,False,False,False,5393.659000,101.949000,5291.710000,,5309.031000,36.633000,42.897000,22.419000,False,True,False,False,True,False,False,False,pit_out|track_status_not_green_only|fastf1_accuracy_flag,18.593000
HAM,44,Ferrari,42.000000,3.000000,SOFT,19.000000,False,5.000000,1,False,False,False,6547.806000,76.494000,6471.312000,6543.970000,,17.392000,32.681000,26.421000,True,False,False,True,False,False,False,False,pit_in|fastf1_accuracy_flag,21.845000
HAM,44,Ferrari,43.000000,4.000000,HARD,1.000000,True,7.000000,1,False,False,False,6635.809000,88.003000,6547.806000,,6565.244000,33.802000,32.260000,21.941000,False,True,False,True,False,False,False,False,pit_out|fastf1_accuracy_flag,36.447000
HAM,44,Ferrari,52.000000,4.000000,HARD,10.000000,True,5.000000,167,False,False,False,7285.943000,80.477000,7205.466000,,,17.161000,33.929000,29.387000,False,False,False,False,True,False,False,False,track_status_not_green_only|fastf1_accuracy_flag,23.450000
HAM,44,Ferrari,53.000000,4.000000,HARD,11.000000,True,5.000000,71,False,False,False,7360.317000,74.374000,7285.943000,,,20.322000,32.225000,21.827000,False,False,False,False,True,False,False,False,track_status_not_green_only|fastf1_accuracy_flag,17.793000
LEC,16,Ferrari,1.000000,1.000000,MEDIUM,1.000000,True,3.000000,1,False,False,False,3504.472000,76.526000,3427.653000,,,,33.298000,22.615000,False,False,True,True,False,False,False,False,first_lap|fastf1_accuracy_flag,1.524000
LEC,16,Ferrari,13.000000,1.000000,MEDIUM,13.000000,True,7.000000,1,False,False,False,4384.771000,77.722000,4307.049000,4380.677000,,17.762000,32.799000,27.161000,True,False,False,True,False,False,False,False,pit_in|fastf1_accuracy_flag,14.865000
LEC,16,Ferrari,14.000000,2.000000,HARD,1.000000,True,11.000000,1,False,False,False,4474.577000,89.806000,4384.771000,,4402.462000,34.661000,32.511000,22.634000,False,True,False,True,False,False,False,False,pit_out|fastf1_accuracy_flag,31.706000
LEC,16,Ferrari,25.000000,2.000000,HARD,12.000000,True,4.000000,26,False,False,False,5295.999000,98.068000,5197.931000,,,24.467000,42.804000,30.797000,False,False,False,False,True,False,True,False,track_status_not_green_only|fastf1_accuracy_flag,12.199000
LEC,16,Ferrari,26.000000,2.000000,HARD,13.000000,True,3.000000,671,False,False,False,5386.933000,90.934000,5295.999000,,,22.587000,43.996000,24.351000,False,False,False,False,True,False,False,False,track_status_not_green_only|fastf1_accuracy_flag,11.867000
LEC,16,Ferrari,37.000000,2.000000,HARD,24.000000,True,7.000000,1,False,False,False,6187.028000,78.434000,6108.594000,6183.214000,,17.659000,33.744000,27.031000,True,False,False,True,False,False,False,False,pit_in|fastf1_accuracy_flag,22.442000
LEC,16,Ferrari,38.000000,3.000000,HARD,1.000000,True,8.000000,1,False,False,False,6275.330000,88.302000,6187.028000,,6204.256000,34.101000,32.181000,22.020000,False,True,False,True,False,False,False,False,pit_out|fastf1_accuracy_flag,38.379000
LEC,16,Ferrari,52.000000,3.000000,HARD,15.000000,True,6.000000,167,False,False,False,7286.887000,81.968000,7204.919000,,,17.771000,34.628000,29.569000,False,False,False,False,True,False,False,False,track_status_not_green_only|fastf1_accuracy_flag,24.394000
LEC,16,Ferrari,53.000000,3.000000,HARD,16.000000,True,6.000000,71,False,False,False,7361.459000,74.572000,7286.887000,,,19.612000,32.795000,22.165000,False,False,False,False,True,False,False,False,track_status_not_green_only|fastf1_accuracy_flag,18.935000
LEC,16,Ferrari,59.000000,3.000000,HARD,22.000000,True,8.000000,1,False,False,False,7802.575000,78.286000,7724.289000,7798.995000,,17.565000,33.266000,27.455000,True,False,False,True,False,False,False,False,pit_in|fastf1_accuracy_flag,33.782000
LEC,16,Ferrari,60.000000,4.000000,SOFT,4.000000,False,8.000000,1,False,False,False,7892.181000,89.606000,7802.575000,,7821.737000,35.641000,32.162000,21.803000,False,True,False,True,False,False,False,False,pit_out|fastf1_accuracy_flag,52.027000
RUS,63,Mercedes,1.000000,1.000000,MEDIUM,1.000000,True,1.000000,1,False,False,False,3502.948000,75.002000,3427.653000,,,,32.703000,21.861000,False,False,True,True,False,False,False,False,first_lap|fastf1_accuracy_flag,0.000000
RUS,63,Mercedes,19.000000,1.000000,MEDIUM,19.000000,True,1.000000,1,False,False,False,4811.337000,77.085000,4734.252000,4807.318000,,17.703000,32.695000,26.687000,True,False,False,True,False,False,False,False,pit_in|fastf1_accuracy_flag,0.000000
RUS,63,Mercedes,20.000000,2.000000,HARD,1.000000,True,3.000000,1,False,False,False,4900.410000,89.073000,4811.337000,,4828.504000,34.500000,32.413000,22.160000,False,True,False,True,False,False,False,False,pit_out|fastf1_accuracy_flag,13.651000
RUS,63,Mercedes,25.000000,2.000000,HARD,6.000000,True,1.000000,26,False,False,False,5283.800000,96.896000,5186.904000,,,17.649000,44.969000,34.278000,False,False,False,False,True,False,True,False,track_status_not_green_only|fastf1_accuracy_flag,0.000000
RUS,63,Mercedes,26.000000,2.000000,HARD,7.000000,True,1.000000,671,False,False,False,5375.066000,91.266000,5283.800000,,,20.290000,41.738000,29.238000,False,False,False,False,True,False,False,False,track_status_not_green_only|fastf1_accuracy_flag,0.000000
RUS,63,Mercedes,43.000000,2.000000,HARD,24.000000,True,2.000000,1,False,False,False,6602.169000,76.208000,6525.961000,6598.395000,,17.375000,32.469000,26.364000,True,False,False,True,False,False,False,False,pit_in|fastf1_accuracy_flag,2.807000
RUS,63,Mercedes,44.000000,3.000000,HARD,1.000000,True,3.000000,1,False,False,False,6690.022000,87.853000,6602.169000,,6619.605000,33.942000,32.095000,21.816000,False,True,False,True,False,False,False,False,pit_out|fastf1_accuracy_flag,18.246000
RUS,63,Mercedes,52.000000,3.000000,HARD,9.000000,True,1.000000,16,False,False,False,7262.493000,75.641000,7186.852000,,,17.315000,31.919000,26.407000,False,False,False,False,True,False,False,False,track_status_not_green_only|fastf1_accuracy_flag,0.000000
RUS,63,Mercedes,53.000000,3.000000,HARD,10.000000,True,1.000000,671,False,False,False,7342.524000,80.031000,7262.493000,,,22.236000,36.084000,21.711000,False,False,False,False,True,False,False,False,track_status_not_green_only|fastf1_accuracy_flag,0.000000
VER,3,Red Bull Racing,1.000000,1.000000,MEDIUM,1.000000,True,5.000000,1,False,False,False,3505.599000,77.653000,3427.653000,,,,33.443000,22.779000,False,False,True,True,False,False,False,False,first_lap|fastf1_accuracy_flag,2.651000
VER,3,Red Bull Racing,18.000000,1.000000,MEDIUM,18.000000,True,3.000000,1,False,False,False,4743.016000,76.633000,4666.383000,4738.999000,,17.614000,32.708000,26.311000,True,False,False,True,False,False,False,False,pit_in|fastf1_accuracy_flag,8.764000
VER,3,Red Bull Racing,19.000000,2.000000,HARD,1.000000,True,6.000000,1,False,False,False,4831.553000,88.537000,4743.016000,,4760.279000,34.065000,32.456000,22.016000,False,True,False,True,False,False,False,False,pit_out|fastf1_accuracy_flag,20.216000
VER,3,Red Bull Racing,25.000000,2.000000,HARD,7.000000,True,2.000000,26,False,False,False,5287.645000,96.916000,5190.729000,,,21.429000,42.112000,33.375000,False,False,False,False,True,False,True,False,track_status_not_green_only|fastf1_accuracy_flag,3.845000
VER,3,Red Bull Racing,26.000000,2.000000,HARD,8.000000,True,2.000000,671,False,False,False,5380.675000,93.030000,5287.645000,,,21.814000,44.073000,27.143000,False,False,False,False,True,False,False,False,track_status_not_green_only|fastf1_accuracy_flag,5.609000
VER,3,Red Bull Racing,49.000000,2.000000,HARD,31.000000,True,2.000000,1,False,False,False,7038.824000,77.001000,6961.823000,7035.103000,,18.041000,32.677000,26.283000,True,False,False,True,False,False,False,False,pit_in|fastf1_accuracy_flag,2.809000
VER,3,Red Bull Racing,50.000000,3.000000,HARD,1.000000,True,3.000000,1,False,False,False,7126.337000,87.513000,7038.824000,,7056.400000,33.914000,31.942000,21.657000,False,True,False,True,False,False,False,False,pit_out|fastf1_accuracy_flag,18.201000
VER,3,Red Bull Racing,52.000000,3.000000,HARD,3.000000,True,2.000000,16,False,False,False,7274.489000,77.264000,7197.225000,,,17.187000,31.692000,28.385000,False,False,False,False,True,False,False,False,track_status_not_green_only|fastf1_accuracy_flag,11.996000
VER,3,Red Bull Racing,53.000000,3.000000,HARD,4.000000,True,2.000000,671,False,False,False,7351.425000,76.936000,7274.489000,,,23.720000,31.668000,21.548000,False,False,False,False,True,False,False,False,track_status_not_green_only|fastf1_accuracy_flag,8.901000
