Driver,Team,EntryLap,ExitLap,EntrySeconds,ExitSeconds,PitLaneElapsedSeconds,EntryTrackStatus,ExitTrackStatus
ANT,Mercedes,24,25,5181.234000,5202.417000,21.183000,12,26
ANT,Mercedes,51,52,7180.957000,7202.506000,21.549000,1,16
HAD,Red Bull Racing,18,19,4752.237000,4773.949000,21.712000,1,1
HAD,Red Bull Racing,40,41,6403.054000,6424.352000,21.298000,1,1
HAM,Ferrari,12,13,4302.509000,4323.807000,21.298000,1,1
HAM,Ferrari,25,26,5287.856000,5309.031000,21.175000,26,671
HAM,Ferrari,42,43,6543.970000,6565.244000,21.274000,1,1
LEC,Ferrari,13,14,4380.677000,4402.462000,21.785000,1,1
LEC,Ferrari,37,38,6183.214000,6204.256000,21.042000,1,1
LEC,Ferrari,59,60,7798.995000,7821.737000,22.742000,1,1
RUS,Mercedes,19,20,4807.318000,4828.504000,21.186000,1,1
RUS,Mercedes,43,44,6598.395000,6619.605000,21.210000,1,1
VER,Red Bull Racing,18,19,4738.999000,4760.279000,21.280000,1,1
VER,Red Bull Racing,49,50,7035.103000,7056.400000,21.297000,1,1
