Team,Driver,Stint,Compound,FirstLap,LastLap,RecordedLaps,PaceEligibleLaps,FirstRecordedTyreAge,LastRecordedTyreAge
Ferrari,HAM,1.0,MEDIUM,1.0,12.0,12,10,1.0,12.0
Ferrari,HAM,2.0,HARD,13.0,25.0,13,10,1.0,13.0
Ferrari,HAM,3.0,SOFT,26.0,42.0,17,15,3.0,19.0
Ferrari,HAM,4.0,HARD,43.0,71.0,29,26,1.0,29.0
Ferrari,LEC,1.0,MEDIUM,1.0,13.0,13,10,1.0,13.0
Ferrari,LEC,2.0,HARD,14.0,37.0,24,19,1.0,24.0
Ferrari,LEC,3.0,HARD,38.0,59.0,22,18,1.0,22.0
Ferrari,LEC,4.0,SOFT,60.0,71.0,12,11,4.0,15.0
Mercedes,ANT,1.0,MEDIUM,1.0,24.0,24,20,1.0,24.0
Mercedes,ANT,2.0,HARD,25.0,51.0,27,23,1.0,27.0
Mercedes,ANT,3.0,HARD,52.0,71.0,20,18,1.0,20.0
Mercedes,RUS,1.0,MEDIUM,1.0,19.0,19,17,1.0,19.0
Mercedes,RUS,2.0,HARD,20.0,43.0,24,19,1.0,24.0
Mercedes,RUS,3.0,HARD,44.0,71.0,28,24,1.0,28.0
Red Bull Racing,HAD,1.0,MEDIUM,1.0,18.0,18,16,1.0,18.0
Red Bull Racing,HAD,2.0,MEDIUM,19.0,40.0,22,17,1.0,22.0
Red Bull Racing,HAD,3.0,HARD,41.0,71.0,31,28,1.0,31.0
Red Bull Racing,VER,1.0,MEDIUM,1.0,18.0,18,15,1.0,18.0
Red Bull Racing,VER,2.0,HARD,19.0,49.0,31,26,1.0,31.0
Red Bull Racing,VER,3.0,HARD,50.0,71.0,22,19,1.0,22.0
